file,line,std_ref
adress.c,42,STD0001
adress.c,81,STD0065
adress.c,90,IMP
adress.c,95,IMP
adress.c,111,DOC
adress.c,158,IMP
adress.c,163,STD0065
adress.c,186,STD1446
adress.c,200,STD1446
adress.c,205,STD0299a
adress.c,213,STD0296a
adress.c,214,STD0956
adress.c,215,STD0299a
adress.c,240,STD0958
adress.c,245,STD0959
adress.c,246,STD0960
adress.c,251,STD0935
adress.c,265,STD0935
adress.c,267,STD1635
adress.c,268,STD1636a
adress.c,298,STD0001
adress.c,311,STD0001
adress.c,312,STD1446
adress.c,313,STD1489
adress.c,319,STD0299b
adress.c,330,STD0321
adress.c,337,STD0323
adress.c,340,STD0299b
adress.c,363,STD1635
adress.c,364,STD1636a
adress.c,388,STD0001
adress.c,389,STD1446
adress.c,390,STD1489
adress.c,398,STD0299b
adress.c,407,STD0321
adress.c,414,STD0323
adress.c,417,STD0299b
adress.c,440,STD1635
adress.c,441,STD1636a
ambig.c,75,IMP
ambig.c,78,IMP
ambig.c,123,IMP
ambig.c,160,IMP
ambig.c,172,IMP
ambig.c,203,IMP
ambig.c,206,IMP
ambig.c,251,IMP
ambig.c,255,IMP
ambig.c,257,STD0742
ambig.c,263,IMP
ambig.c,270,IMP
ambig.c,274,IMP
ambig.c,288,IMP
ambig.c,293,IMP
ambig.c,297,IMP
ambig.c,315,IMP
ambig.c,319,IMP
ambig.c,326,IMP
ambig.c,331,IMP
ambig.c,335,IMP
ambig.c,349,IMP
ambig.c,356,IMP
ambig.c,360,IMP
ambig.c,375,IMP
ambig.c,388,IMP
ambig.c,392,IMP
ambig.c,400,IMP
ambig.c,405,IMP
ambig.c,409,IMP
ambig.c,418,IMP
ambig.c,423,IMP
ambig.c,433,IMP
ambig.c,442,IMP
ambig.c,448,IMP
ambig.c,450,IMP
ambig.c,456,IMP
ambig.c,461,IMP
ambig.c,465,IMP
ambig.c,565,IMP
ambig.c,569,IMP
ambig.c,573,STD1672a
ambig.c,586,IMP
ambig.c,605,STD1672a
ambig.c,647,STD1303a
ambig.c,648,STD0742a
ambig.c,650,STD1216a
ambig.c,651,STD0742a
ambig.c,660,STD1185a
ambig.c,661,STD0742a
ambig.c,663,STD1196a
ambig.c,664,STD0742a
ambig.c,690,STD0742a
ambig.c,691,STD0839a
ambig.c,720,IMP
ambig.c,723,IMP
ambig.c,725,IMP
ambig.c,732,IMP
ambig.c,736,IMP
ambig.c,742,IMP
ambig.c,745,IMP
ambig.c,760,STD1262
ambig.c,811,DOC
ambig.c,813,IMP
asgnop.c,49,STD1236
asgnop.c,53,STD1236
asgnop.c,57,STD1236
asgnop.c,59,STD0669
asgnop.c,60,STD0706
asgnop.c,69,STD1285
asgnop.c,73,STD1286
asgnop.c,78,STD1290
asgnop.c,88,STD1283
asgnop.c,95,STD1283
asgnop.c,102,STD1253
asgnop.c,104,STD1256
asgnop.c,114,STD1287
asgnop.c,116,STD1290
asgnop.c,117,STD1012
asgnop.c,120,STD1253
asgnop.c,124,STD1261
asgnop.c,130,STD1287
asgnop.c,133,STD1287
asgnop.c,144,STD1080
asgnop.c,148,STD1080
asgnop.c,152,STD1253
asgnop.c,154,STD1256
asgnop.c,166,STD1009
asgnop.c,167,STD1145
asgnop.c,168,STD1157
asgnop.c,169,STD1169
asgnop.c,171,STD1290
asgnop.c,172,STD1012
asgnop.c,173,STD1151
asgnop.c,174,STD1162
asgnop.c,175,STD1174
asgnop.c,178,STD1256
asgnop.c,181,STD1261
asgnop.c,187,STD1009
asgnop.c,188,STD1145
asgnop.c,189,STD1157
asgnop.c,190,STD1169
asgnop.c,193,STD1009
asgnop.c,194,STD1145
asgnop.c,195,STD1157
asgnop.c,196,STD1169
asgnop.c,222,IMP
asgnop.c,227,STD0900
asgnop.c,229,STD0856
asgnop.c,230,STD0902
asgnop.c,233,STD0860
asgnop.c,234,STD0905
asgnop.c,245,STD1035
asgnop.c,246,STD1048
asgnop.c,247,STD1052
asgnop.c,251,STD1026
asgnop.c,252,STD1043
asgnop.c,255,STD1026
asgnop.c,256,STD1043
asgnop.c,258,STD1026
asgnop.c,259,STD1043
asgnop.c,278,STD0856
asgnop.c,279,STD0902
asgnop.c,285,STD0856
asgnop.c,286,STD0900
bounds.c,48,IMP
bounds.c,69,STD0811
bounds.c,70,STD0783
bounds.c,75,IMP
bounds.c,80,IMP
bounds.c,87,IMP
bounds.c,94,IMP
bounds.c,102,IMP
bounds.c,106,IMP
c89case.h,5,STD2103
c89case.h,8,STD2169
c89case.h,16,STD0146
c89case.h,29,STD2103
c89case.h,41,STD0150
c89case.h,46,STD2129
c89case.h,47,STD2124
c89case.h,65,STD0162
c89case.h,77,IMP
c89case.h,83,IMP
c89case.h,86,STD1646
c89case.h,92,STD1342
c89case.h,104,IMP
c89case.h,117,STD1337b
c89case.h,119,IMP
c89case.h,127,IMP
c89case.h,142,IMP
c89case.h,161,STD0001a
c89case.h,178,IMP
c89case.h,192,STD0251
c89case.h,196,IMP
c89case.h,229,IMP
c89case.h,234,IMP
c89case.h,248,STD2124
c89case.h,252,IMP
c89case.h,265,IMP
c89case.h,272,IMP
c89case.h,281,STD1337b
c89case.h,284,IMP
c89case.h,290,IMP
c89case.h,293,STD1646
c89case.h,299,STD1342
c89case.h,310,STD1337b
c89case.h,312,IMP
c89case.h,320,IMP
c89case.h,334,STD1337b
c89case.h,338,STD2138a
c89case.h,339,STD1342
c89case.h,349,STD1337b
c89case.h,350,STD2140a
c89case.h,373,IMP
c89case.h,378,STD1798
c89case.h,402,IMP
c89case.h,413,STD1517
c89case.h,421,STD0071
c89case.h,425,STD0071
c89case.h,446,STD0001a
c89case.h,487,STD1709
c89case.h,495,STD1709
c89case.h,503,STD1709a
c89case.h,511,STD1709a
c89case.h,525,STD1710
c89case.h,527,IMP
c89case.h,531,STD0071
c89case.h,535,IMP
c89case.h,541,STD0183
c89case.h,555,STD1710
c89case.h,557,IMP
c89case.h,561,STD0071
c89case.h,565,IMP
c89case.h,588,STD0001a
c89case.h,603,STD1337c
c89case.h,612,STD1337c
c89case.h,625,STD1377
c89case.h,628,IMP
c89case.h,636,STD1373
c89case.h,644,STD1369
c89case.h,647,IMP
c89case.h,655,STD1381
c89case.h,658,IMP
c89case.h,666,STD1365
c89case.h,669,IMP
c89case.h,677,IMP????
c89case.h,685,STD1708
c89case.h,694,STD1659
c89case.h,695,STD1667
c89case.h,707,STD1708
c89case.h,710,STD1659
c89case.h,711,STD1667
c89case.h,727,STD1365
c89case.h,728,STD1432
c89case.h,735,STD0001a
c89case.h,747,STD0001a
c89case.h,756,STD1424
c89case.h,763,STD1428
c89case.h,770,STD1392
c89case.h,778,STD1408
c89case.h,786,STD1412
c89case.h,794,STD1400
c89case.h,802,STD1396
c89case.h,810,STD1404
c89case.h,818,STD1420
c89case.h,821,IMP
c89case.h,832,STD1416
c89case.h,835,IMP
c89case.h,843,STD1388
c89case.h,851,STD????
c89case.h,859,STD????
c89case.h,867,STD????
c89case.h,891,STD1659
c89case.h,892,IMP
c89case.h,910,STD1667
c89case.h,917,STD????
c89case.h,931,STD1509
c89case.h,938,STD1513
c89case.h,940,IMP
c89case.h,948,STD1635a
c89case.h,950,STD1505
c89case.h,964,STD1643
c89case.h,966,STD0319
c89case.h,967,STD0239
c89case.h,972,STD0081
c89case.h,987,STD1654a
c89case.h,988,STD1654b
c89case.h,990,STD0081
c89case.h,1006,STD1639
c89case.h,1013,STD1654a
c89case.h,1014,STD1654b
c89case.h,1018,STD1501
c89case.h,1019,STD1564
c89case.h,1020,STD1568a
c89case.h,1021,STD1654c
c89case.h,1035,STD1635a
c89case.h,1039,STD1568a
c89case.h,1050,IMP
c89case.h,1055,STD1521
c89case.h,1086,STD1569a
c89case.h,1088,STD0183
c89case.h,1095,STD1530
c89case.h,1098,STD0183
c89case.h,1108,STD1569a
c89case.h,1109,STD1534
c89case.h,1111,STD1547
c89case.h,1118,STD1305b
c89case.h,1129,STD1575b
c89case.h,1141,STD1534
c89case.h,1143,STD1547
c89case.h,1150,STD1305b
c89case.h,1166,STD1556
c89case.h,1189,STD1596
c89case.h,1205,STD1626
c89case.h,1210,STD0076
c89case.h,1214,STD0076
c89case.h,1223,STD1596
c89case.h,1235,IMP
c89case.h,1243,STD1635b
c89case.h,1245,STD1592
c89case.h,1252,STD1635b
c89case.h,1254,STD2453
c89case.h,1270,STD1654a
c89case.h,1271,STD1654b
c89case.h,1272,STD1584
c89case.h,1284,STD1635b
c89case.h,1285,STD1584
c89case.h,1309,STD1604
c89case.h,1311,STD1616
c89case.h,1317,STD1631
c89case.h,1327,STD0243
c89case.h,1335,STD1608
c89case.h,1337,STD1612
c89case.h,1339,STD1622
c89case.h,1340,STD1305b
c89case.h,1352,IMP
c89case.h,1360,STD0243
c89case.h,1376,STD1711
c89case.h,1387,STD1362
c89case.h,1392,IMP
c89case.h,1403,IMP
c89case.h,1411,STD1766
c89case.h,1414,STD0170
c89case.h,1421,STD1699
c89case.h,1423,IMP
c89case.h,1427,STD0183
c89case.h,1441,STD1683
c89case.h,1442,STD1719
c89case.h,1449,STD1699
c89case.h,1451,IMP
c89case.h,1455,STD0183
c89case.h,1469,STD1695
c89case.h,1472,STD0183
c89case.h,1476,STD2142
c89case.h,1487,STD1687
c89case.h,1501,STD1687
c89case.h,1512,STD1305a
c89case.h,1513,STD1687
c89case.h,1515,STD1724
c89case.h,1517,STD1305b
c89case.h,1535,STD1736
c89case.h,1549,STD1679
c89case.h,1569,STD0183
c89case.h,1578,STD0251
c89case.h,1588,STD1338
c89case.h,1591,STD0183
c89case.h,1600,STD0251
c89case.h,1605,STD1948
c89case.h,1611,IMP
c89case.h,1627,STD1853
c89case.h,1630,IMP
c89case.h,1647,STD1861
c89case.h,1679,IMP
c89case.h,1688,STD1810
c89case.h,1696,IMP
c89case.h,1703,STD1766
c89case.h,1706,STD0170
c89case.h,1715,STD0170
c89case.h,1723,IMP
c89case.h,1726,STD1830
c89case.h,1727,STD0183
c89case.h,1740,STD1830
c89case.h,1741,STD0183
c89case.h,1757,STD1830
c89case.h,1758,STD0183
c89case.h,1773,IMP
c89case.h,1776,STD1830
c89case.h,1777,STD0183
c89case.h,1788,STD1814
c89case.h,1798,STD1305a
c89case.h,1799,STD1814
c89case.h,1801,STD1724
c89case.h,1803,STD1305b
c89case.h,1817,STD1736
c89case.h,1830,STD1814
c89case.h,1837,STD1305a
c89case.h,1838,STD1814
c89case.h,1840,STD1724
c89case.h,1842,STD1305b
c89case.h,1857,STD1736
c89case.h,1869,STD1806
c89case.h,1877,STD1802
c89case.h,1897,STD1337d
c89case.h,1898,STD1361a
c89case.h,1907,STD1337d
c89case.h,1908,STD1361a
c89case.h,1924,STD1526
c89case.h,1935,STD0183
c89case.h,1948,STD0183
c89case.h,1960,STD0150
c89case.h,1964,IMP
c89case.h,1979,STD1940
c89case.h,1980,STD1936
c89case.h,1988,STD1944
c89case.h,1989,STD0162
c89case.h,2004,IMP
c89case.h,2015,STD1932
c89case.h,2035,IMP
c89case.h,2042,STD1922a
c89case.h,2049,STD0001a
c89case.h,2057,STD0001a
c89case.h,2065,IMP
c89case.h,2073,IMP
c89case.h,2087,STD1921f
c89case.h,2088,STD2047
c89case.h,2094,STD2059
c89case.h,2096,IMP
c89case.h,2107,STD1921f
c89case.h,2108,STD2043
c89case.h,2114,STD2077a
c89case.h,2115,STD2059
c89case.h,2124,STD1921f
c89case.h,2136,IMP
c89case.h,2139,IMP
c89case.h,2155,IMP
c89case.h,2158,IMP
c89case.h,2171,IMP
c89case.h,2241,IMP
c89case.h,2244,IMP
c89case.h,2253,STD1964
c89case.h,2257,IMP
c89case.h,2262,IMP
c89case.h,2274,STD1978a
c89case.h,2275,STD1968
c89case.h,2280,IMP
c89case.h,2294,IMP
c89case.h,2306,IMP
c89case.h,2319,IMP
c89case.h,2330,STD1952
c89case.h,2332,STD_L0294
c89case.h,2337,STD1922c
c89case.h,2340,STD1956
c89case.h,2342,STD1922a
c89case.h,2349,IMP
c89case.h,2362,IMP
c89case.h,2365,IMP
c89case.h,2374,STD1993
c89case.h,2378,IMP
c89case.h,2416,STD1997
c89case.h,2426,STD2027
c89case.h,2440,IMP
c89case.h,2443,IMP
c89case.h,2448,IMP
c89case.h,2457,STD2001
c89case.h,2458,STD2023
c89case.h,2468,STD2001
c89case.h,2469,STD2023
c89case.h,2481,STD2001
c89case.h,2493,STD2001
c89case.h,2533,IMP
c89case.h,2536,IMP
c89case.h,2545,STD1972
c89case.h,2551,IMP
c89case.h,2576,STD2051
c89case.h,2585,STD2051
c89case.h,2599,IMP
c89case.h,2609,STD1960
c89case.h,2616,STD1923
c89case.h,2638,STD1923
c89case.h,2652,STD1927
c89case.h,2654,STD1980
c89case.h,2656,STD1305b
c89case.h,2662,IMP
c89case.h,2680,IMP
c89case.h,2685,IMP
c89case.h,2697,IMP
c89case.h,2706,IMP
c89case.h,2714,IMP
c89case.h,2723,STD0746
c89case.h,2732,STD0746
c89case.h,2735,STD0762
c89case.h,2744,STD0747
c89case.h,2745,STD0746
c89case.h,2749,STD0766
c89case.h,2756,STD0345a
c89case.h,2757,STD0345c
c89case.h,2761,STD0766
c89case.h,2766,STD0774
c89case.h,2771,STD0774
c89case.h,2784,STD0001a
c89case.h,2806,STD0820
c89case.h,2807,STD0787
c89case.h,2818,STD0804
c89case.h,2819,STD0820
c89case.h,2820,STD0787
c89case.h,2833,STD0795
c89case.h,2845,STD0799
c89case.h,2856,STD0803
c89case.h,2885,IMP
c89case.h,2907,STD0883
c89case.h,2908,STD0941
c89case.h,2919,STD0879
c89case.h,2920,STD0936
c89case.h,2923,STD0124
c89case.h,2931,IMP
c89case.h,2935,STD0945
c89case.h,2944,STD0001a
c89case.h,2956,STD0001a
c89case.h,2968,STD0863
c89case.h,2979,STD0866
c89case.h,2980,STD0887
c89case.h,2991,STD0866
c89case.h,2992,STD0887
c89case.h,3003,STD0866
c89case.h,3004,STD0887
c89case.h,3015,STD0001a
c89case.h,3056,STD0964
c89case.h,3066,STD0999
c89case.h,3082,STD1018
c89case.h,3104,STD1075
c89case.h,3114,STD1096
c89case.h,3125,STD1116
c89case.h,3136,STD1140
c89case.h,3147,STD1152
c89case.h,3158,STD1164
c89case.h,3169,STD1176
c89case.h,3180,STD1187
c89case.h,3191,STD1198
c89case.h,3213,STD1232
c89case.h,3224,STD1294
c89case.h,3226,STD0124
c89case.h,3238,IMP
c89case.h,3247,STD1298
c89case.h,3249,STD0124
cache.c,89,IMP
cache.c,130,IMP
cache.c,133,IMP
cache.c,179,IMP
cache.c,301,IMP
cache.c,345,IMP
cache.c,377,IMP
cache.c,390,IMP
cache.c,430,IMP
cache.c,434,IMP
cache.c,442,IMP
cache.c,445,IMP
cache.c,450,IMP
cache.c,478,IMP
cache.c,484,IMP
cache.c,524,IMP
cache.c,527,IMP
cache.c,588,IMP
cache.c,679,IMP
cache.c,682,IMP
cache.c,771,IMP
calutl.c,101,IMP
calutl.c,128,IMP
calutl.c,292,IMP
calutl.c,303,IMP
calutl.c,313,IMP
calutl.c,353,IMP????
calutl.c,374,IMP????
calutl.c,388,IMP????
calutl.c,393,IMP
calutl.c,419,IMP????
calutl.c,423,IMP????
calutl.c,428,IMP
calutl.c,471,IMP
calutl.c,498,IMP
calutl.c,590,IMP
calutl.c,625,IMP????
calutl.c,644,STD0834c
calutl.c,694,IMP
calutl.c,710,IMP
calutl.c,744,IMP
calutl.c,800,IMP
calutl.c,844,IMP
calutl.c,876,IMP
calutl.c,933,STD0833
calutl.c,938,STD0833
calutl.c,950,IMP
calutl.c,988,IMP
calutl.c,991,STD0833
calutl.c,1000,STD0834a
calutl.c,1001,STD0834f
calutl.c,1002,STD0834g
cdebug.c,67,IMP
cdebug.c,77,IMP
cdebug.c,79,IMP
cdebug.c,155,IMP
cdebug.c,160,IMP
cdebug.c,166,IMP
cdebug.c,171,IMP
cdebug.c,175,IMP
cdebug.c,182,IMP
cdebug.c,185,IMP
cdebug.c,189,IMP
cdebug.c,196,IMP
cdebug.c,203,IMP
cdebug.c,213,IMP
cdebug.c,217,IMP
cdebug.c,220,IMP
cdebug.c,223,IMP
cdebug.c,228,IMP
chkcal.c,100,STD??????
chkcal.c,116,STD_L0???
chkcal.c,160,STD_L0288
chkcal.c,164,STD_L0290
chkcal.c,170,STD_L0290
chkcal.c,180,STD_L0290
chkcal.c,191,STD_L0294
chkcal.c,195,STD_L0294
chkcal.c,201,STD_L0292
chkcal.c,230,IMP
chkcal.c,234,IMP
chkcal.c,238,IMP
chkcal.c,245,IMP
chkcal.c,249,IMP
chkcal.c,253,IMP
chkcal.c,264,STD??????
chkcal.c,268,IMP
chkcal.c,273,STD??????
chkcal.c,303,STD??????
chkcal.c,310,STD??????
chkcal.c,326,STD_L
chkcal.c,335,IMP
chkcal.c,351,IMP
chkcal.c,361,STD_L
chkcal.c,400,IMP
chkcal.c,431,IMP
chkcal.c,434,STD_L
chkcal.c,442,STD_L
chkcal.c,471,STD0826
chkcal.c,478,IMP
chkcal.c,482,STD0827
chkcal.c,486,STD0829
chkcal.c,508,IMP
chkcal.c,512,IMP
chkcal.c,530,STD0706
chkcal.c,531,STD0821
chkcal.c,535,STD0816
chkcal.c,541,STD0814
chkcal.c,544,STD0814
chkcal.c,556,STD0822
chkcal.c,567,STD0816
chkcal.c,573,IMP
comcfg.c,174,STD
comcfg.c,318,IMP
comcfg.c,495,IMP
comcfg.c,502,STD2442
comcfg.c,512,STD2440
comcfg.c,524,STD2444
compat.c,62,STD1785
compat.c,64,STD1786
compat.c,93,STD1775
compat.c,95,STD1758
compat.c,96,STD1762
compat.c,103,STD1789
compat.c,105,STD1791
compat.c,119,STD1789
compat.c,142,STD1781
compat.c,151,STD1781
compat.c,153,STD1780
compat.c,154,STD1796
compat.c,170,STD1778
compat.c,190,STD1446
compat.c,191,STD1489
compat.c,196,STD1674
compat.c,199,STD1674
compat.c,203,STD1446
compat.c,204,STD1489
compat.c,238,STD0325
compat.c,244,STD0320
compat.c,245,STD1678
compat.c,246,STD1722
compat.c,250,STD0325
compat.c,254,IMP
compat.c,259,STD1723
compat.c,268,STD1777
compat.c,273,STD1779
compat.c,279,STD1787
compat.c,284,STD1783
compat.c,288,STD1787
compat.c,294,STD1783
compat.c,298,STD1797
compat.c,308,STD1489
compat.c,309,STD1442
compat.c,310,STD1445
compat.c,311,STD1446
compat.c,312,STD1482
compat.c,313,STD1483
compat.c,314,STD1485
compat.c,315,STD0301c
compat.c,330,STD1489
compat.c,331,STD1439
compat.c,332,STD1440
compat.c,333,STD1441
compat.c,342,STD1489
compat.c,343,STD1486
compat.c,344,STD1487
compat.c,345,STD1488
compat.c,355,STD1750
compat.c,360,STD1749
compat.c,370,STD0303
compat.c,386,STD1635
compat.c,391,IMP
compat.c,394,IMP
compat.c,397,IMP
compat.c,400,IMP
compat.c,405,IMP
compat.c,408,IMP
compos.c,59,IMP
compos.c,64,IMP
compos.c,73,IMP
compos.c,78,IMP
compos.c,85,STD0339
compos.c,88,IMP
compos.c,115,IMP
compos.c,145,STD0335
compos.c,157,STD0335
compos.c,183,STD0333
compos.c,185,STD0341
compos.c,188,STD1446
compos.c,190,STD1446
compos.c,195,IMP
compos.c,207,IMP
compos.c,221,IMP
compos.c,268,STD0316a
compos.c,270,STD0334
compos.c,284,STD0339
compos.c,294,STD0335
compos.c,296,IMP
compos.c,302,STD0341
compos.c,359,IMP
compos.c,361,IMP
compos.c,363,STD1446
compos.c,367,IMP
compos.c,370,IMP
compos.c,372,STD1446
condop.c,63,STD0669
condop.c,64,STD0706
condop.c,70,STD1181
condop.c,71,STD1192
condop.c,77,STD1181
condop.c,78,STD1192
condop.c,87,STD1185
condop.c,88,STD1196
condop.c,94,STD0669
condop.c,95,STD0706
condop.c,99,STD1203
condop.c,113,STD0669
condop.c,114,STD0706
condop.c,121,STD1212
condop.c,125,STD1228
condop.c,126,STD1226a
condop.c,129,STD1211
condop.c,139,STD1227
condop.c,140,STD0331
condop.c,146,STD1215
condop.c,151,STD1230
condop.c,157,STD1215
condop.c,164,STD1230
condop.c,171,STD1204
condop.c,176,STD1204
condop.c,179,STD1212
condop.c,184,STD1212
condop.c,188,STD1228
condop.c,189,STD1226a
condop.c,194,STD1204
condop.c,196,STD1207
condop.c,200,STD1207
condop.c,203,STD1224
condop.c,204,STD1224a
condop.c,208,STD1209
condop.c,209,STD1210
condop.c,211,STD1204
condop.c,213,IMP
condop.c,220,STD1225
condop.c,221,STD1226
condop.c,222,STD1231
ctlgrf.c,173,IMP
ctlgrf.c,223,IMP
ctlgrf.c,234,IMP
ctlgrf.c,237,IMP
ctlgrf.c,248,IMP
ctlgrf.c,294,IMP
ctlgrf.c,337,IMP
ctlgrf.c,341,IMP
ctlgrf.c,372,IMP
ctlgrf.c,379,IMP
ctlgrf.c,427,IMP
ctlgrf.c,434,IMP
ctlgrf.c,447,IMP
ctlgrf.c,473,IMP
ctlgrf.c,477,IMP
ctlgrf.c,480,IMP
ctlgrf.c,515,IMP
ctlgrf.c,520,IMP
ctlgrf.c,558,IMP
ctlgrf.c,585,IMP
ctlgrf.c,591,IMP
ctlgrf.c,634,IMP
ctlgrf.c,637,IMP
ctlgrf.c,658,IMP
ctlgrf.c,698,IMP
ctlgrf.c,722,IMP
ctlgrf.c,732,IMP
ctlgrf.c,735,IMP
ctlgrf.c,756,IMP
ctlgrf.c,778,IMP
ctlgrf.c,810,IMP
ctlgrf.c,814,IMP
ctlgrf.c,826,IMP
ctlgrf.c,839,IMP
ctlgrf.c,851,IMP
ctlgrf.c,854,IMP
ctlgrf.c,865,IMP
ctlgrf.c,904,IMP
ctlgrf.c,907,IMP
ctlgrf.c,948,IMP
ctlgrf.c,957,IMP
ctlgrf.c,1000,IMP
ctlgrf.c,1016,IMP
ctlgrf.c,1019,IMP
ctlgrf.c,1022,IMP
ctlgrf.c,1053,IMP
ctlgrf.c,1056,IMP
ctlgrf.c,1059,IMP
ctlgrf.c,1092,IMP
ctlgrf.c,1116,IMP
ctlgrf.c,1119,IMP
ctlgrf.c,1154,IMP
ctlgrf.c,1157,IMP
ctlgrf.c,1160,IMP
ctlgrf.c,1192,IMP
ctlgrf.c,1195,IMP
ctlgrf.c,1246,IMP
ctlgrf.c,1249,IMP
ctlgrf.c,1285,IMP
ctlgrf.c,1293,IMP
ctlgrf.c,1323,IMP
ctlgrf.c,1333,IMP
ctlgrf.c,1341,IMP
ctlgrf.c,1344,IMP
ctlgrf.c,1369,IMP
ctlgrf.c,1373,IMP
ctlgrf.c,1388,IMP
ctlgrf.c,1399,IMP
ctlgrf.c,1421,IMP
ctlgrf.c,1427,IMP
ctlgrf.c,1454,IMP
ctlgrf.c,1463,IMP
ctlgrf.c,1485,IMP
ctlgrf.c,1491,IMP
ctlgrf.c,1502,IMP
ctlgrf.c,1532,IMP
ctlgrf.c,1536,STD
ctlgrf.c,1542,IMP
ctlgrf.c,1565,IMP
ctlgrf.c,1585,IMP
ctlgrf.c,1588,IMP
ctlgrf.c,1623,IMP
ctlgrf.c,1664,IMP
ctlgrf.c,1689,IMP
ctlgrf.c,1707,IMP
ctlgrf.c,1733,IMP
ctlgrf.c,1736,IMP
ctlgrf.c,1741,IMP
ctlgrf.c,1749,IMP
ctlgrf.c,1773,IMP
ctlgrf.c,1775,IMP
ctlgrf.c,1782,IMP
ctlgrf.c,1811,IMP
ctlgrf.c,1829,IMP
ctlgrf.c,1842,IMP
ctlgrf.c,1847,IMP
ctlgrf.c,1851,IMP
ctlgrf.c,1862,IMP
ctlgrf.c,1903,IMP
ctlgrf.c,1909,IMP
ctlgrf.c,1935,IMP
ctlgrf.c,1938,IMP
ctlgrf.c,1943,IMP
ctlgrf.c,1949,IMP
ctlgrf.c,1976,IMP
ctlgrf.c,1980,IMP
ctlgrf.c,1983,IMP
ctlgrf.c,2005,IMP
ctlgrf.c,2028,IMP
ctypes.h,82,STD0027
ctypes.h,107,STD0029
ctypes.h,108,STD0042z
ctypes.h,109,STD0042a
ctypes.h,111,STD0042b
ctypes.h,113,STD0042n
ctypes.h,115,STD0042r
ctypes.h,117,STD0042f
ctypes.h,119,STD0042t
ctypes.h,121,STD0042v
ctypes.h,124,STD0457
ctypes.h,126,STD0047
ctypes.h,128,STD0048
ctypes.h,130,STD0121
ctypes.h,132,STD0057
ctypes.h,134,STD0059
ctypes.h,136,STD0060
ctypes.h,138,STD0062
ctypes.h,140,STD0063
ctypes.h,145,STD2397
ctypes.h,748,STD0302a
ctypes.h,847,STD0283
ctypes.h,858,STD0138
ctypes.h,869,STD0263a
declar.c,101,STD0121a
declar.c,105,IMP
declar.c,108,STD0052
declar.c,109,STD0121
declar.c,113,STD0052
declar.c,114,STD0121
declar.c,119,STD0122
declar.c,136,STD0286b
declar.c,141,IMP
declar.c,143,IMP
declar.c,155,IMP
declar.c,157,IMP
declar.c,180,IMP
declar.c,201,IMP
declar.c,204,STD0050
declar.c,205,STD0119
declar.c,206,STD0119a
declar.c,207,STD0121a
declar.c,212,STD0050
declar.c,213,STD0119
declar.c,214,STD0119a
declar.c,219,STD0122
declar.c,220,STD0119a
declar.c,233,STD0286b
declar.c,237,STD0121a
declar.c,238,STD0050
declar.c,239,STD0119a
declar.c,240,STD0122
declar.c,248,IMP
declar.c,250,IMP
declar.c,298,STD0286b
declar.c,303,STD0270
declar.c,306,STD0268
declar.c,307,STD0269
declar.c,312,STD0269
declar.c,316,IMP
declar.c,334,IMP
declar.c,342,IMP
declar.c,381,STD0279
declar.c,386,STD1361
declar.c,393,STD0267
declar.c,416,STD1846a
declar.c,422,STD2135
declar.c,423,STD2112
declar.c,429,STD2135
declar.c,430,STD2111
declar.c,438,STD0271
declar.c,440,IMP
declar.c,444,STD0272
declar.c,458,STD0265
declar.c,460,STD0266
declar.c,464,STD0271
declar.c,470,STD0275
declar.c,502,IMP
declar.c,504,STD0326
declar.c,512,STD0326
declar.c,514,IMP
declar.c,525,STD0343
declar.c,527,STD0280
declar.c,531,IMP
declar.c,537,IMP
declar.c,578,STD0286b
declar.c,585,STD1357
declar.c,594,STD1357
declar.c,598,STD0263b
declar.c,599,STD0343
declar.c,605,STD0331
declar.c,616,IMP
declar.c,621,IMP
declar.c,627,STD2157
declar.c,629,STD2154
declar.c,631,STD2155
declar.c,635,IMP
declar.c,647,STD0326
declar.c,648,STD1357
declar.c,661,STD0280
declar.c,664,STD1354
declar.c,678,IMP
declar.c,689,STD0280
declar.c,692,IMP
declar.c,706,IMP
declar.c,708,IMP
declar.c,712,STD2120
declar.c,722,STD2113
declar.c,725,STD1354
declar.c,739,IMP
declar.c,752,STD0263
declar.c,760,STD1357
declar.c,774,STD0326
declar.c,777,IMP
declar.c,785,IMP
declar.c,787,STD0326
declar.c,791,IMP
declar.c,847,STD2446
declar.c,860,STD2153
declar.c,879,IMP
declar.c,894,STD1386
declar.c,904,STD1387
declar.c,910,STD1848
declar.c,916,IMP
declar.c,925,STD1850
declar.c,939,STD2157
declar.c,941,STD2154
declar.c,943,STD2155
declar.c,945,STD2159
declar.c,949,STD2164
declar.c,951,STD2165
declar.c,954,IMP
declar.c,956,STD1867
declar.c,959,STD1867
declar.c,966,IMP
declar.c,975,IMP
declar.c,978,IMP
declar.c,987,IMP
declar.c,999,IMP
declar.c,1005,IMP
declar.c,1011,IMP
declar.c,1017,IMP
declar.c,1023,STD1359
declar.c,1037,IMP
declar.c,1049,IMP
declar.c,1052,IMP
declar.c,1070,STD0054
declar.c,1074,STD0054
declar.c,1077,IMP
declar.c,1094,STD1875
declar.c,1097,STD1877
declar.c,1101,IMP
declar.c,1111,STD1359
declar.c,1114,STD2117
declar.c,1117,STD0286a
declar.c,1118,STD0287
declar.c,1123,IMP
declar.c,1139,STD0055
declar.c,1144,STD0055
declar.c,1147,STD0055
declar.c,1151,IMP
declar.c,1157,STD0286a
declar.c,1165,STD1359
declar.c,1176,STD1363
declar.c,1178,STD0287
declar.c,1187,STD1889
declar.c,1190,STD2163
declar.c,1193,STD1889
declar.c,1202,STD2117
declar.c,1208,STD1363
declar.c,1226,STD1876
declar.c,1232,STD1877
declar.c,1236,IMP
declar.c,1239,IMP
declar.c,1246,IMP
declar.c,1254,STD0286a
declar.c,1255,STD0287
declar.c,1274,IMP
declar.c,1278,STD0120
declar.c,1281,IMP
declar.c,1285,IMP
declar.c,1291,IMP
declar.c,1295,IMP
declar.c,1302,STD0286b
declar.c,1340,IMP
declar.c,1349,IMP
declar.c,1353,STD1446
declar.c,1354,STD1489
declar.c,1363,IMP
declar.c,1368,DOC
declar.c,1374,STD0317
declar.c,1384,IMP
declar.c,1387,IMP
declar.c,1397,STD1446
declar.c,1398,STD1489
declar.c,1405,STD0143a
declar.c,1407,STD0144
declar.c,1410,STD0150
declar.c,1442,IMP
errhnd.c,37,IMP
errhnd.c,42,IMP
expr.c,137,IMP
expr.c,143,IMP
expr.c,149,IMP
expr.c,154,STD
expr.c,157,STD
expr.c,160,STD
expr.c,163,STD
expr.c,169,IMP
expr.c,209,IMP
expr.c,221,IMP
expr.c,225,STD
expr.c,323,IMP
expr.c,334,STD
expr.c,339,STD
expr.c,348,STD
expr.c,358,STD
expr.c,385,IMP
expr.c,389,STD
expr.c,392,STD
expr.c,411,STD
expr.c,414,STD
expr.c,428,IMP
expr.c,434,STD
expr.c,437,STD
expr.c,480,STD0731
expr.c,488,IMP
expr.c,492,IMP
expr.c,499,IMP
expr.c,502,IMP
expr.c,509,IMP
expr.c,512,IMP
expr.c,573,IMP
expr.c,597,IMP
expr.c,604,IMP
expr.c,612,IMP
expr.c,619,IMP
expr.c,630,IMP
expr.c,638,IMP
expr.c,644,IMP
expr.c,669,IMP
expr.c,677,STD0049
expr.c,685,IMP
expr.c,702,IMP
expr.c,706,IMP
expr.c,716,IMP
expr.c,727,STD??????
expr.c,772,IMP
expr.c,776,IMP
expr.c,806,IMP
expr.c,891,IMP
expr.c,895,IMP
expr.c,899,IMP
expr.c,939,IMP
expr.c,943,IMP
expr.c,948,IMP
extens.c,105,DOC
extens.c,109,STD2245
genini.c,125,IMP
genini.c,163,STD1899
genini.c,166,STD1916
genini.c,168,STD1878
genini.c,172,IMP
genini.c,220,DOC
genini.c,229,DOC
genini.c,234,STD1748
genini.c,244,IMP
genini.c,248,IMP
genini.c,256,IMP
genini.c,283,STD1582
genini.c,300,STD1316
genini.c,302,STD1319
genini.c,303,STD1321
genini.c,306,STD1317
genini.c,309,STD1318
genini.c,329,STD0736
genini.c,331,STD0736
genini.c,334,STD0736
genini.c,341,STD0735
genini.c,347,STD0738
genini.c,385,STD0290a
genini.c,390,IMP
genini.c,395,STD1913
genini.c,397,STD1915
genini.c,399,STD1871
genini.c,401,STD1874
genini.c,436,STD1920
genini.c,445,IMP
genini.c,449,IMP
genini.c,456,IMP
genini.c,467,DOC
genini.c,469,DOC
genini.c,489,IMP
genini.c,497,STD1916c
genini.c,505,IMP
genini.c,511,STD1878
genini.c,518,DOC
genini.c,524,STD1916c
genini.c,538,DOC
genini.c,542,DOC
genini.c,545,STD1916c
genini.c,561,DOC
genini.c,596,STD1890
genini.c,602,STD1913
genini.c,611,STD1891
genini.c,614,STD1901
genini.c,615,STD1907
genini.c,620,STD1903
genini.c,621,STD1909
genini.c,625,STD1865
genini.c,632,IMP
genini.c,635,IMP
genini.c,654,STD1903
genini.c,655,STD1909
genini.c,658,DOC
genini.c,665,IMP
genini.c,672,STD1903
genini.c,673,STD1909
genini.c,689,STD1917
genini.c,711,STD1891
genini.c,716,STD1891
genini.c,753,IMP
genini.c,757,STD1922b
genini.c,767,DOC
genini.c,774,STD1865
genini.c,784,STD1871
genini.c,785,STD1874
genini.c,787,STD1871
genini.c,797,STD1872
genini.c,814,STD1900
genini.c,819,IMP
genini.c,821,IMP
genini.c,825,STD1922h
genini.c,828,IMP
genini.c,831,IMP
genini.c,834,DOC
genini.c,854,DOC
genini.c,864,DOC
genini.c,868,STD1878
genini.c,871,DOC
genini.c,913,STD1901
genini.c,919,STD1907
genini.c,930,STD1914
genini.c,937,DOC
genini.c,956,STD1891
genini.c,968,IMP
genini.c,976,STD1277
genini.c,1005,STD1916a
genini.c,1025,STD1916b
genini.c,1040,STD1917
genini.c,1043,IMP
genini.c,1058,STD1920
genini.c,1066,IMP
genini.c,1076,STD1917
genini.c,1084,STD1878
genini.c,1092,IMP
genini.c,1104,DOC
idchar.c,76,IMP
idchar.c,79,IMP
idchar.c,84,IMP
idchar.c,129,IMP
idchar.c,139,IMP
idchar.c,143,IMP
idchar.c,157,IMP
idchar.c,163,IMP
inital.c,93,IMP
inital.c,175,IMP
inital.c,203,IMP
inital.c,236,IMP
iscons.c,57,STD1321a
iscons.c,61,STD1326
iscons.c,66,STD1324
iscons.c,72,STD1327
iscons.c,79,STD1324
iscons.c,110,STD1307
iscons.c,115,STD1312
iscons.c,120,STD1307
iscons.c,131,STD1315
iscons.c,138,STD1313
iscons.c,143,STD1307
iscons.c,166,STD1310
iscons.c,172,STD1310
iscons.c,201,STD1328
iscons.c,214,STD1334
iscons.c,219,STD1337
iscons.c,249,STD1319
iscons.c,253,STD0515
iscons.c,254,STD0516
iscons.c,265,STD1332
iscons.c,269,STD1328
iscons.c,272,STD1328
iscons.c,276,STD1333
iscons.c,291,STD1336
iscons.c,300,STD1321
iscons.c,311,STD1331
iscons.c,312,STD1335
iscons.c,317,STD1335
iscons.c,331,STD1337
iscons.c,340,STD1335
iscons.c,343,STD1337
iscons.c,385,STD0735
iscons.c,389,STD0736
iscons.c,391,STD0736
iscons.c,399,STD0736
iscons.c,408,DOC
iscons.c,412,STD0735
iscons.c,415,STD0735
iscons.c,427,STD0738
iscons.c,432,IMP
labels.c,109,DOC
labels.c,112,DOC
labels.c,120,DOC
labels.c,186,STD0291
labels.c,188,STD0283a
labels.c,206,IMP
labels.c,212,IMP
labels.c,227,DOC
labels.c,246,DOC
labels.c,262,DOC
labels.c,280,DOC
labels.c,287,DOC
labels.c,301,IMP
labels.c,304,STD0143
labels.c,327,IMP
labels.c,351,STD0138a
labels.c,355,STD2071
labels.c,364,IMP
labels.c,388,IMP
labels.c,425,IMP
labels.c,434,IMP
labels.c,447,DOC
labels.c,458,DOC
labels.c,469,DOC
labels.c,478,DOC
labels.c,493,STD1984
labels.c,495,DOC
labels.c,499,DOC
labels.c,506,DOC
labels.c,511,STD1984
labels.c,513,DOC
labels.c,516,DOC
labels.c,536,DOC
labels.c,550,DOC
labels.c,562,DOC
labels.c,571,DOC
labels.c,586,STD1984
labels.c,591,DOC
labels.c,649,IMP
labels.c,656,IMP
labels.c,662,STD1991
labels.c,673,IMP
labels.c,678,IMP
labels.c,706,STD1992
labels.c,709,STD0069
labels.c,714,STD0069
labels.c,716,IMP
labels.c,735,DOC
labels.c,749,STD1987
labels.c,754,STD1987
labels.c,764,STD2039
labels.c,770,STD2072
labels.c,778,STD2059
labels.c,787,STD1923
labels.c,802,STD0139
lookup.c,83,IMP
lookup.c,87,IMP
lookup.c,92,IMP
lookup.c,95,IMP
lookup.c,112,IMP
lookup.c,127,STD0143a
lookup.c,129,STD0144
lookup.c,132,STD0150
lookup.c,157,STD1847
lookup.c,160,DOC
lookup.c,168,DOC
lookup.c,170,DOC
lookup.c,172,DOC
lookup.c,180,STD1846b
lookup.c,203,IMP
lookup.c,213,IMP
lookup.c,223,IMP
lsting.c,129,IMP
lsting.c,141,IMP
lsting.c,155,IMP
lsting.c,205,STD0021a
lsting.c,206,IMP
lsting.c,210,IMP
lsting.c,233,IMP
lsting.c,236,IMP
lsting.c,244,IMP
lsting.c,250,IMP
lsting.c,253,IMP
lsting.c,258,IMP
lsting.c,266,IMP
lsting.c,270,IMP
lsting.c,275,IMP
lsting.c,280,IMP
lsting.c,290,IMP
lsting.c,295,IMP
lsting.c,316,IMP
lsting.c,320,IMP
lsting.c,329,IMP
lsting.c,356,IMP
lsting.c,363,IMP
lsting.c,369,IMP
lsting.c,378,IMP
lsting.c,387,IMP
lsting.c,396,IMP
lsting.c,405,IMP
lsting.c,413,IMP
lsting.c,416,IMP
lsting.c,423,IMP
lsting.c,467,IMP
lsting.c,470,IMP
lsting.c,493,IMP
lsting.c,503,IMP
lsting.c,538,IMP
lsting.c,548,IMP
lsting.c,583,IMP
lsting.c,590,IMP
lsting.c,594,IMP
lsting.c,604,IMP
lsting.c,611,IMP
lsting.c,630,IMP
lsting.c,636,IMP
lsting.c,645,IMP
lsting.c,666,IMP
lsting.c,674,IMP
lsting.c,679,IMP
lsting.c,684,IMP
lsting.c,692,IMP
lsting.c,718,IMP
lsting.c,728,IMP
lsting.c,744,IMP
lsting.c,755,IMP
lsting.c,758,IMP
lsting.c,762,IMP
lsting.c,782,IMP
lvalue.c,53,STD0727
lvalue.c,64,STD0669
lvalue.c,69,STD1436
lvalue.c,73,STD0703
lvalue.c,105,STD0662
lvalue.c,107,STD0665
lvalue.c,109,STD0666
lvalue.c,113,STD0667
lvalue.c,116,STD0668
lvalue.c,120,STD0668
mcc.c,121,IMP
mcc.c,123,IMP
mcc.c,135,IMP
mcc.c,138,IMP
mcc.c,155,IMP
mcc.c,157,IMP
mcc.c,162,IMP
mcc.c,165,IMP
mcc.c,168,IMP
mcc.c,171,IMP
mcc.c,174,IMP
mcc.c,177,IMP
mcc.c,185,IMP
mcc.c,202,IMP
mcc.c,261,IMP
mcc.c,269,IMP
mcc.c,274,IMP
mcc.c,279,IMP
mcc.c,365,IMP
mcc.c,390,IMP
mcc.c,396,IMP
mcc.c,410,IMP
mcc.c,412,IMP
mcc.c,422,IMP
mcc.c,447,IMP
mcc.c,458,IMP
mcc.c,471,IMP
mcc.c,487,IMP
mcc.c,494,DOC
mcc.c,498,IMP
mcc.c,503,IMP
mcc.c,514,IMP
mcc.c,521,IMP
mcc.c,533,IMP
mcc.c,538,IMP
mktree.c,169,IMP
mktree.c,179,STD0825
mktree.c,186,IMP
mktree.c,196,IMP
mktree.c,199,STD0124
mktree.c,205,IMP
mktree.c,209,IMP
mktree.c,220,IMP
mktree.c,223,STD0124
mktree.c,238,STD1236
mktree.c,241,STD1236
mktree.c,243,STD0669
mktree.c,245,STD0706
mktree.c,250,IMP
mktree.c,264,STD1263
mktree.c,266,STD0740
mktree.c,267,STD1277
mktree.c,270,IMP
mktree.c,287,STD1253
mktree.c,290,STD1256
mktree.c,296,STD0782
mktree.c,301,STD0782b
mktree.c,303,STD0782b
mktree.c,305,STD0782a
mktree.c,311,STD0669
mktree.c,314,STD0669
mktree.c,319,STD0810
mktree.c,325,STD0810
mktree.c,340,STD0808
mktree.c,344,STD0808
mktree.c,351,STD0669
mktree.c,358,STD0807
mktree.c,360,STD0812
mktree.c,380,IMP
mktree.c,407,STD0917
mktree.c,410,STD0653
mktree.c,419,IMP
mktree.c,425,STD0925
mktree.c,433,STD0931
mktree.c,438,STD0925
mktree.c,446,STD0669
mktree.c,447,STD0706
mktree.c,452,STD1121
mktree.c,454,STD1125
mktree.c,466,STD1134
mktree.c,467,STD1111
mktree.c,470,STD1128
mktree.c,473,STD1132
mktree.c,476,STD0740
mktree.c,488,STD1136
mktree.c,498,STD1134
mktree.c,499,STD1111
mktree.c,503,STD1132
mktree.c,505,STD1128
mktree.c,509,STD0740
mktree.c,521,STD1136
mktree.c,531,STD1134
mktree.c,532,STD1111
mktree.c,538,STD1128
mktree.c,543,STD1132
mktree.c,546,STD1132
mktree.c,548,STD0740
mktree.c,563,STD1134
mktree.c,564,STD1111
mktree.c,570,STD1128
mktree.c,578,STD1122
mktree.c,580,STD1134
mktree.c,581,STD1052
mktree.c,595,STD1134
mktree.c,596,STD1111
mktree.c,602,STD1122
mktree.c,605,STD1122
mktree.c,611,IMP
mktree.c,624,STD0840
mktree.c,627,STD0849
mktree.c,637,IMP
mktree.c,644,IMP
mktree.c,650,STD0851
mktree.c,657,STD0850
mktree.c,659,STD0653
mktree.c,660,STD1543
mktree.c,668,STD0840
mktree.c,681,STD0913
mktree.c,687,IMP
mktree.c,690,IMP
mktree.c,694,STD0907
mktree.c,697,STD0908
mktree.c,700,STD0910
mktree.c,706,STD0911
mktree.c,711,STD0908
mktree.c,714,IMP
mktree.c,717,IMP
mktree.c,733,STD0669
mktree.c,734,STD0706
mktree.c,739,STD0921
mktree.c,743,STD0912
mktree.c,758,STD0914
mktree.c,762,STD0653
mktree.c,775,STD0669
mktree.c,776,STD0706
mktree.c,783,STD0843
mktree.c,786,STD0843
mktree.c,788,STD0843
mktree.c,792,STD0852
mktree.c,803,IMP
mktree.c,809,IMP
mktree.c,815,STD0854
mktree.c,816,STD0855
mktree.c,824,STD0917
mktree.c,827,STD0653
mktree.c,837,STD0853
mktree.c,845,STD0843
mktree.c,852,STD0843
mktree.c,859,STD0669
mktree.c,860,STD0706
mktree.c,862,STD0927
mktree.c,866,STD0922
mktree.c,879,STD0669
mktree.c,880,STD0706
mktree.c,882,STD0928
mktree.c,886,IMP
mktree.c,891,STD0922
mktree.c,904,STD0929
mktree.c,907,STD0743
mktree.c,909,STD0924
mktree.c,923,STD0669
mktree.c,924,STD0706
mktree.c,930,STD1004
mktree.c,932,STD1012
mktree.c,937,STD1004
mktree.c,940,STD1004
mktree.c,950,STD0669
mktree.c,951,STD0706
mktree.c,954,STD1012
mktree.c,955,STD1151
mktree.c,956,STD1162
mktree.c,957,STD1174
mktree.c,960,STD0743
mktree.c,962,STD1007
mktree.c,963,STD1145
mktree.c,964,STD1157
mktree.c,965,STD1169
mktree.c,971,STD1007
mktree.c,972,STD1145
mktree.c,973,STD1157
mktree.c,974,STD1169
mktree.c,983,STD0669
mktree.c,984,STD0706
mktree.c,989,STD1026
mktree.c,995,STD0669
mktree.c,1003,STD1026
mktree.c,1009,STD0669
mktree.c,1017,STD1037
mktree.c,1019,STD1042
mktree.c,1022,STD1041
mktree.c,1039,STD1066
mktree.c,1046,STD1043
mktree.c,1051,STD1043
mktree.c,1063,STD1057
mktree.c,1068,STD1038
mktree.c,1070,STD1052
mktree.c,1075,STD1038
mktree.c,1078,STD1038
mktree.c,1093,IMP
mktree.c,1097,STD0669
mktree.c,1098,STD0706
mktree.c,1103,IMP
mktree.c,1114,STD1026
mktree.c,1118,STD0669
mktree.c,1126,STD1026
mktree.c,1130,STD1026
mktree.c,1138,STD1026
mktree.c,1149,STD1057
mktree.c,1154,STD1023
mktree.c,1156,STD1052
mktree.c,1161,STD1023
mktree.c,1164,STD1023
mktree.c,1172,STD0669
mktree.c,1173,STD0706
mktree.c,1176,STD1084
mktree.c,1180,STD0743
mktree.c,1182,STD1080
mktree.c,1189,IMP
mktree.c,1194,STD1080
mktree.c,1201,IMP
mktree.c,1205,STD1089
mktree.c,1209,STD1087
mktree.c,1220,STD1091
mktree.c,1225,IMP
mktree.c,1229,STD1091
mktree.c,1242,STD1085
mktree.c,1251,STD0669
mktree.c,1252,STD0706
mktree.c,1258,STD1104
mktree.c,1261,STD1104
mktree.c,1267,STD1104
mktree.c,1270,STD1104
mktree.c,1277,STD1109
mktree.c,1284,STD1101
mktree.c,1286,STD1108
mktree.c,1290,STD1109
mktree.c,1296,STD1101
mktree.c,1299,STD1101
mktree.c,1309,IMP
mktree.c,1340,IMP
mktree.c,1383,STD0446
mktree.c,1385,STD0345b
mktree.c,1386,STD0445a
mktree.c,1387,STD1621
mktree.c,1398,STD2152
mktree.c,1400,STD0650
mktree.c,1403,STD0651
mktree.c,1405,STD0652
mktree.c,1407,STD0657
mktree.c,1409,STD0659
mktree.c,1424,STD0775
mktree.c,1433,STD0519
mktree.c,1437,STD0517
mktree.c,1469,IMP
mktree.c,1481,IMP
mktree.c,1503,IMPDEP
mktree.c,1530,IMPDEP
mktree.c,1576,STD0932
mktree.c,1579,STD0933
mktree.c,1582,STD0934
mktree.c,1584,IMP
mktree.c,1590,STD0956
mktree.c,1614,STD0953
mktree.c,1615,STD0346
mktree.c,1618,IMPDEP
mktree.c,1619,IMPDEP
mktree.c,1620,IMPDEP
mktree.c,1621,STD0953
mktree.c,1622,STD0346
mktree.c,1623,IMPDEP
mktree.c,1624,IMPDEP
mktree.c,1630,IMPDEP
mktree.c,1634,IMPDEP
mktree.c,1635,IMPDEP
mktree.c,1636,IMPDEP
mktree.c,1637,STD0953
mktree.c,1638,STD0346
mktree.c,1639,IMPDEP
mktree.c,1641,STD0618
mktree.c,1642,IMPDEP
mktree.c,1643,IMPDEP
mktree.c,1644,IMPDEP
mktree.c,1645,IMPDEP
mktree.c,1672,IMP
mktree.c,1679,STD1305
mktree.c,1735,IMP
mktree.c,1741,STD0968
mktree.c,1752,STD0989
mktree.c,1754,STD0739
mktree.c,1762,STD0989a
mktree.c,1771,DOC
mktree.c,1782,STD0978
mktree.c,1788,STD0669
mktree.c,1790,STD0970
mktree.c,1797,STD0982
mktree.c,1804,DOC
mktree.c,1811,STD0983
mktree.c,1813,STD0984
mktree.c,1818,STD0984
mktree.c,1825,STD0984
mktree.c,1831,STD0990
mktree.c,1833,STD0974
mktree.c,1837,STD0991
mktree.c,1838,STD0990
mktree.c,1850,STD0734
mktree.c,1853,STD0324
mktree.c,1860,STD0978
mktree.c,1868,STD0996
mktree.c,1878,IMP
mktree.c,1888,STD0978
mktree.c,1896,STD0982
mktree.c,1898,IMP
mktree.c,1903,STD0998
mktree.c,1905,STD0978
mktree.c,1914,STD0970
mktree.c,1918,STD0969
mktree.c,1927,STD0974
mktree.c,1932,STD0992
mktree.c,1934,STD0972
mktree.c,1935,STD0994
mktype.c,80,STD0301b
mktype.c,106,IMP
mktype.c,137,STD1570
mktype.c,141,STD1570
mktype.c,143,IMP
mktype.c,151,STD1573
mktype.c,159,IMP
mktype.c,161,STD1570
mktype.c,163,IMP
mktype.c,173,STD1555
mktype.c,191,IMP
mktype.c,195,IMP
mktype.c,200,STD1446
mktype.c,222,STD0310b
mktype.c,230,STD1446
mktype.c,237,DOC
mktype.c,244,STD1446
mktype.c,267,IMP
mktype.c,275,IMP
mktype.c,293,IMP
mktype.c,314,STD0310a
mktype.c,343,STD1673
mktype.c,353,STD1751
mktype.c,407,STD1671
mktype.c,417,STD1671
mktype.c,427,IMP
mktype.c,435,IMP
mktype.c,441,IMP
mktype.c,458,IMP
mktype.c,493,STD0305
mktype.c,499,STD0305
mktype.c,502,STD1748
mktype.c,510,STD0305
mktype.c,518,STD0305
mktype.c,563,IMP
mktype.c,566,IMP
mktype.c,569,IMP
mktype.c,593,STD1672b
mktype.c,654,IMP
mktype.c,661,IMP
mktype.c,667,IMP
mktype.c,674,IMP
mktype.c,677,IMP
mktype.c,711,IMP
mktype.c,718,STD1446
mktype.c,719,STD1489
mktype.c,724,IMP
mktype.c,726,IMP
mktype.c,739,IMP
mktype.c,783,IMP
mktype.c,788,IMP
mktype.c,791,IMP
mktype.c,798,IMP
mktype.c,826,STD0322
mktype.c,855,STD1444
mktype.c,863,STD1443
mktype.c,864,STD1484
mktype.c,893,STD1438
mktype.c,905,STD1438
mktype.c,922,STD1438
mktype.c,934,STD0322
mktype.c,968,IMP
mktype.c,973,IMP
mktype.c,980,IMP
mktype.c,983,IMP
mktype.c,995,STD1444
mktype.c,1000,STD1439
mktype.c,1001,STD1440
mktype.c,1002,STD1441
mktype.c,1008,STD1438b
mktype.c,1010,STD1488b
mktype.c,1012,STD1488c
mktype.c,1014,STD1488a
mktype.c,1016,STD1488a
mktype.c,1031,STD1484
mktype.c,1036,STD1443
mktype.c,1051,STD1486
mktype.c,1056,STD1487
mktype.c,1057,STD1488
mktype.c,1098,STD0302
mktype.c,1104,STD0296
mktype.c,1108,STD0299
mktype.c,1117,STD0301
mktype.c,1167,IMP
mktype.c,1169,IMP
mktype.c,1171,IMP
mktype.c,1178,IMP
mktype.c,1219,STD1385
params.c,125,STD0022
params.c,126,STD0024
params.c,127,STD0025
params.c,140,STD2133
params.c,143,STD2133
params.c,147,DOC
params.c,157,DOC
params.c,162,IMP
params.c,166,STD1756
params.c,168,STD2137a
params.c,177,STD2137
params.c,183,STD2141
params.c,195,IMP
params.c,198,STD2146
params.c,203,IMP
params.c,221,STD2147
params.c,222,STD1489
params.c,227,IMP
params.c,230,STD2140
params.c,247,STD1793
params.c,249,IMP
params.c,268,STD1792
params.c,270,IMP
params.c,282,STD2151
params.c,293,STD2146
params.c,304,IMP
params.c,307,STD2138
params.c,313,STD2139
params.c,351,STD2151a
params.c,358,IMP
params.c,387,IMP
params.c,392,DOC
params.c,402,DOC
params.c,425,DOC
params.c,432,IMP
params.c,443,DOC
params.c,453,STD0278
params.c,455,STD0151
params.c,473,DOC
params.c,498,IMP
params.c,512,STD1758
params.c,515,STD1762
params.c,527,STD1758
params.c,528,STD1762
params.c,561,STD1793
params.c,590,STD1752
params.c,592,IMP
params.c,602,STD1793
params.c,627,STD1850
params.c,630,STD2139a
params.c,670,STD1755
params.c,674,STD1758
params.c,675,STD1762
params.c,681,IMP
params.c,701,STD0669
params.c,702,STD0706
params.c,704,STD0830
params.c,709,STD0835
params.c,711,IMP
params.c,713,STD0837
params.c,718,STD0836
params.c,727,STD0837
params.c,728,STD0839
params.c,734,IMP
params.c,738,STD0818
params.c,744,STD1776
params.c,745,STD0839b
params.c,746,STD0833
params.c,750,IMP
params.c,765,IMP
params.c,769,IMP
params.c,786,STD0058
params.c,794,IMP
params.c,799,STD0818
params.c,802,STD0818
params.c,805,STD1756
params.c,827,IMP
params.c,887,DOC
params.c,890,IMP
params.c,900,IMP
params.c,907,IMP
params.c,912,DOC
params.c,922,STD1774
params.c,933,IMP
params.c,940,STD1753
params.c,943,STD1754
params.c,967,IMP
params.c,973,IMP
params.c,977,IMP
params.c,984,IMP
params.c,995,IMP
params.c,1001,IMP
params.c,1007,STD1354
params.c,1013,IMP
params.c,1015,STD1354
params.c,1041,IMP
params.c,1045,STD0022
params.c,1061,STD0024
params.c,1062,STD0025
params.c,1070,IMP
parser.c,211,IMP
parser.c,229,STD0021b
parser.c,231,IMP
parser.c,235,IMP
parser.c,259,IMP
parser.c,277,IMP
parser.c,281,IMP
parser.c,287,STD1846
parser.c,305,IMP
parser.c,309,IMP
parser.c,315,IMP
parser.c,321,IMP
parser.c,327,IMP
parser.c,335,IMP
parser.c,361,IMP
parser.c,371,IMP
parser.c,403,IMP
parser.c,428,IMP
parser.c,571,IMP
parser.c,575,IMP
parser.c,578,IMP
parser.c,588,IMP
parser.c,599,IMP
parser.c,615,IMP
parser.c,617,IMP
parser.c,649,IMP
parser.c,655,IMP
parser.c,676,IMP
parser.c,695,IMP
parser.c,725,IMP
parser.c,752,IMP
parser.c,760,IMP
parser.c,776,IMP
parser.c,780,IMP
parser.c,794,IMP
parser.c,800,IMP
parser.c,804,IMP
parser.c,827,IMP
parser.c,830,IMP
parser.c,862,IMP
parser.c,871,IMP
parser.c,895,IMP
parser.c,898,IMP
parser.c,934,IMP
parser.c,937,IMP
parser.c,942,IMP
parser.c,958,IMP
paryacc.c,244,IMP
paryacc.c,265,IMP
paryacc.c,299,IMP
paryacc.c,306,IMP
paryacc.c,334,STD0021b
paryacc.c,336,IMP
paryacc.c,357,IMP
paryacc.c,375,IMP
paryacc.c,379,IMP
paryacc.c,385,STD1846
paryacc.c,418,IMP
paryacc.c,429,IMP
paryacc.c,433,IMP
paryacc.c,439,IMP
paryacc.c,445,IMP
paryacc.c,451,IMP
paryacc.c,459,IMP
paryacc.c,497,IMP
paryacc.c,507,IMP
paryacc.c,539,IMP
paryacc.c,543,IMP
paryacc.c,545,IMP
paryacc.c,568,IMP
paryacc.c,572,IMP
paryacc.c,593,IMP
paryacc.c,612,IMP
paryacc.c,633,IMP
paryacc.c,636,IMP
paryacc.c,650,IMP
paryacc.c,653,IMP
paryacc.c,682,IMP
paryacc.c,705,IMP
paryacc.c,713,IMP
paryacc.c,745,IMP
paryacc.c,751,IMP
paryacc.c,764,IMP
paryacc.c,766,IMP
paryacc.c,775,IMP
paryacc.c,781,IMP
paryacc.c,785,IMP
paryacc.c,787,IMP
paryacc.c,807,IMP
paryacc.c,819,IMP
paryacc.c,827,IMP
paryacc.c,845,IMP
paryacc.c,854,IMP
paryacc.c,860,IMP
paryacc.c,873,IMP
paryacc.c,875,IMP
paryacc.c,888,IMP
paryacc.c,894,IMP
paryacc.c,898,IMP
paryacc.c,900,IMP
paryacc.c,921,IMP
paryacc.c,946,IMP
paryacc.c,949,IMP
paryacc.c,954,IMP
paryacc.c,961,IMP
paryacc.c,982,IMP
paryacc.c,985,IMP
paryacc.c,990,IMP
paryacc.c,1006,IMP
paryacc.c,1012,IMP
paryacc.c,1054,IMP
paryacc.c,1058,IMP
paryacc.c,1060,IMP
paryacc.c,1098,IMP
paryacc.c,1103,IMP
paryacc.c,1111,IMP
paryacc.c,1117,IMP
paryacc.c,1119,IMP
paryacc.c,1125,IMP
pplist.c,41,IMP
pplist.c,44,IMP
pplist.c,48,IMP
pplist.c,55,IMP
pplist.c,58,IMP
pplist.c,61,IMP
pplist.c,78,IMP
pplist.c,84,IMP
pplist.c,90,IMP
pplist.c,103,IMP
ppnum.c,71,STD0605
ppnum.c,78,STD0608
ppnum.c,79,STD0610
ppnum.c,101,STD0609
ppnum.c,102,STD0393
ppnum.c,115,STD0611
ppnum.c,123,IMP
ppnum.c,126,IMP
ppnum.c,145,IMP
ppnum.c,175,STD0427
ppnum.c,180,IMP
ppnum.c,185,IMP
ppnum.c,188,IMP
ppnum.c,201,STD0423
ppnum.c,209,IMP
ppnum.c,224,STD0423
ppnum.c,234,STD0427
ppnum.c,238,IMP
ppnum.c,245,IMP
ppnum.c,285,STD0400
ppnum.c,310,STD0416
ppnum.c,350,STD0412
ppnum.c,351,STD0416b
ppnum.c,366,STD0398
ppnum.c,385,STD0393
ppnum.c,386,STD0403a
ppnum.c,405,STD0387
ppnum.c,409,STD0403a
ppnum.c,431,STD0378
ppnum.c,435,STD0387
ppnum.c,438,STD0403a
ppnum.c,463,STD0380
ppnum.c,469,STD0402
ppnum.c,470,STD0403b
ppnum.c,471,STD0380
ppnum.c,474,STD0387
ppnum.c,481,IMP
ppnum.c,515,STD0408
ppnum.c,518,STD0408
ppnum.c,519,STD0429
ppnum.c,526,STD0380
ppnum.c,530,STD0375
ppnum.c,531,STD0401
ppnum.c,532,STD0380
ppnum.c,541,STD0345
ppnum.c,571,STD0411
ppnum.c,572,STD0413
ppnum.c,576,STD0413
ppnum.c,580,STD0413
ppnum.c,583,STD0430b
ppnum.c,584,STD0410
ppnum.c,593,IMP
ppnum.c,597,IMP
ppnum.c,600,IMP
ppnum.c,610,STD0430a
ppnum.c,612,STD0401
ppnum.c,616,STD0377
ppnum.c,617,STD0386
ppnum.c,618,STD0373
ppnum.c,619,STD0416a
ppnum.c,620,STD0428
ppnum.c,621,STD0430
ppnum.c,625,STD0410a
ppnum.c,626,STD0401
ppnum.c,629,STD0380
ppnum.c,632,STD0375
ppnum.c,633,STD0401
ppnum.c,634,STD0380
ppnum.c,644,IMP
ppnum.c,647,IMP
ppnum.c,650,IMP
ppnum.c,653,IMP
ppnum.c,665,STD0421
ppnum.c,667,IMP
printf.c,354,IMP
prmsz.c,60,IMP
prmsz.c,67,IMP
prmsz.c,78,IMP
prmsz.c,96,IMP
prmsz.c,100,IMP
prmsz.c,111,IMP
prmsz.c,117,IMP
prmsz.c,138,IMP
prmsz.c,173,IMP
prmsz.c,180,IMP
prmsz.c,184,IMP
prmsz.c,210,IMP
prmsz.c,214,IMP
prmsz.c,217,IMP
prmsz.c,222,IMP
prmsz.c,228,IMP
prmsz.c,259,IMP
prmsz.c,263,IMP
prmsz.c,274,IMP
prmsz.c,284,IMP
prmsz.c,293,IMP
prmsz.c,304,IMP
prmsz.c,313,IMP
prmsz.c,322,IMP
prmsz.c,331,IMP
prmsz.c,342,IMP
prmsz.c,351,IMP
promot.c,53,STD0626
promot.c,69,IMP
promot.c,76,IMP
promot.c,81,STD0627
promot.c,84,STD0627
promot.c,87,STD0629
promot.c,90,STD0629
promot.c,93,STD0631
promot.c,101,STD0632
promot.c,106,STD0633
promot.c,109,IMP
promot.c,177,STD0634
promot.c,180,STD0634
promot.c,183,STD0636
promot.c,185,STD0638
promot.c,188,STD0640
promot.c,191,STD0642
promot.c,196,STD0644
promot.c,199,STD0636
promot.c,201,STD0638
promot.c,203,STD0640
promot.c,207,STD0642
promot.c,213,STD0644
promot.c,215,STD0646
promot.c,218,STD0646
promot.c,221,STD0648
promot.c,234,IMP
promot.c,300,STD0974
promot.c,315,IMP
promot.c,323,STD0992
promot.c,325,STD0972
promot.c,374,STD0618
promot.c,376,IMP
promot.c,381,STD0622
promot.c,387,STD0618
promot.c,395,STD0618
promot.c,397,STD1490
promot.c,400,IMP
promot.c,406,STD0622
promot.c,412,IMP
promot.c,416,STD1635
promot.c,417,STD1636a
promot.c,424,STD0624
promot.c,453,STD0834
promot.c,456,IMP
promot.c,458,STD0834
promot.c,474,IMP
pstlud.c,63,DOC
pstlud.c,65,IMP
pstlud.c,68,STD2114
pstlud.c,70,DOC
pstlud.c,73,STD2115
pstlud.c,84,IMP
pstlud.c,95,STD2158
pstlud.c,97,STD2155
pstlud.c,100,STD2160
pstlud.c,102,STD2161
pstlud.c,120,STD1867
pstlud.c,130,IMP
pstlud.c,136,STD1867
pstlud.c,142,IMP
pstlud.c,145,STD2163
pstlud.c,148,STD1889
pstlud.c,153,STD2162
pstlud.c,172,IMP
pstlud.c,183,IMP
pstlud.c,194,IMP
pstlud.c,199,IMP
scope.c,79,IMP
scope.c,92,IMP
scope.c,102,IMP
scope.c,104,IMPDEP
scope.c,161,STD0170
scope.c,167,STD0151
scope.c,186,STD0143a
scope.c,247,IMP
scope.c,252,STD0185
scope.c,254,STD0184
scope.c,267,IMP
scope.c,274,DOC
scope.c,280,DOC
scope.c,282,STD2120
scope.c,291,STD2114
scope.c,292,STD2119
scope.c,295,IMP
scope.c,298,IMP
scope.c,325,IMP
scope.c,336,IMP
scope.c,351,IMP
scope.c,365,DOC
scope.c,394,DOC
scope.c,397,DOC
setops.c,51,IMP
setops.c,113,IMP
size.c,52,IMP
size.c,56,IMP
size.c,66,IMP
size.c,78,IMP
size.c,105,IMP
size.c,139,IMP
size.c,170,IMP
stmts.c,134,IMP
stmts.c,138,IMP
stmts.c,143,STD2095
stmts.c,146,STD2095
stmts.c,158,STD2102
stmts.c,169,IMP
stmts.c,172,IMP
stmts.c,174,STD2085
stmts.c,192,STD_L0289
stmts.c,193,STD_L0291
stmts.c,194,STD_L0293
stmts.c,196,STD1976
stmts.c,197,STD2018
stmts.c,206,IMP
stmts.c,226,STD0043
stmts.c,230,STD0043
stmts.c,233,IMP
stmts.c,250,IMP
stmts.c,271,IMP
stmts.c,279,IMP
stmts.c,302,STD1922d
stmts.c,321,IMP
stmts.c,325,STD1922e
stmts.c,331,STD2020
stmts.c,349,STD1922d
stmts.c,360,IMP
stmts.c,418,IMP
stmts.c,423,IMP
stmts.c,438,IMP
stmts.c,461,IMP
stmts.c,471,STD2018
stmts.c,477,STD1922e
stmts.c,483,STD2021
stmts.c,516,DOC
stmts.c,520,IMP
stmts.c,567,IMP
stmts.c,617,STD2021a
stmts.c,618,STD2022
stmts.c,620,STD2023
stmts.c,629,STD1922f
stmts.c,632,IMP
stmts.c,657,STD2027
stmts.c,664,STD2022
stmts.c,672,STD1922f
stmts.c,681,STD2038
stmts.c,688,STD1922f
stmts.c,701,IMP
stmts.c,707,IMP
stmts.c,733,STD1989
stmts.c,734,STD2079
stmts.c,743,STD2080
stmts.c,744,STD2077
stmts.c,757,IMP
stmts.c,767,STD2076
stmts.c,771,STD2078
stmts.c,774,STD1931
stmts.c,797,STD1990
stmts.c,801,STD1979
stmts.c,804,IMP
stmts.c,810,IMP
stmts.c,820,STD1922h
stmts.c,845,IMP
stmts.c,851,IMP
stmts.c,864,IMP
stmts.c,869,STD2095
stmts.c,877,IMP
stmts.c,884,STD2081
stmts.c,886,STD2081
stmts.c,893,STD????
stmts.c,900,STD2089
stmts.c,902,STD0740
stmts.c,903,STD1277
stmts.c,906,IMP
stmts.c,919,STD1922g
stmts.c,924,IMP
stmts.c,937,IMP
strnum.c,147,IMP
strnum.c,152,STD0416b
strnum.c,153,STD0479
strnum.c,158,STD0416b
strnum.c,159,STD0479
strnum.c,168,DOC
strnum.c,173,STD0491
strnum.c,183,STD0026c
strnum.c,209,IMP
strnum.c,217,STD0484
strnum.c,221,IMP
strnum.c,226,STD0417
strnum.c,230,STD0482
strnum.c,232,STD0488
strnum.c,244,STD0459
strnum.c,251,STD0026c
strnum.c,297,STD0493
strnum.c,317,DOC
strnum.c,320,STD0494
strnum.c,354,DOC
strnum.c,381,STD2222b
strnum.c,391,STD0468
strnum.c,396,STD0468
strnum.c,400,STD0454
strnum.c,401,STD0475
strnum.c,402,STD0470
strnum.c,404,STD0454
strnum.c,405,STD0471
strnum.c,407,STD0454
strnum.c,408,STD0477
strnum.c,409,STD0469
strnum.c,411,STD0454
strnum.c,412,STD0472
strnum.c,416,STD0456
strnum.c,417,STD0485
strnum.c,448,STD0474
strnum.c,449,STD0483
strnum.c,455,STD0473
strnum.c,466,STD0481
strnum.c,473,STD0486
strnum.c,477,STD0486
strnum.c,480,STD0495
strnum.c,486,STD0466
strnum.c,487,STD0493
strnum.c,491,STD0026b
strnum.c,498,STD0494
strnum.c,516,STD2223
strnum.c,517,STD0497
strnum.c,522,STD0494
strnum.c,525,STD0450
strnum.c,529,STD0500a
strnum.c,530,STD0497
strnum.c,540,STD0495
strnum.c,553,STD0423
strnum.c,556,STD0444
strnum.c,560,STD0427
strnum.c,562,STD0445
strnum.c,600,STD0421
strnum.c,605,STD0423
strnum.c,606,STD0441
strnum.c,609,STD0427
strnum.c,610,STD0443
strnum.c,642,STD0346
strnum.c,724,STD0434
strnum.c,731,STD0434
strnum.c,738,STD0443
strnum.c,746,STD0434
strnum.c,753,STD0434
strnum.c,756,STD0434
strnum.c,775,STD0434
strnum.c,783,IMP
strnum.c,791,IMP
strnum.c,798,IMP
strnum.c,838,STD0431
strnum.c,842,STD0346
strnum.c,847,STD0432
strnum.c,851,STD0346
strnum.c,856,STD0433
strnum.c,860,STD0346
strnum.c,865,IMP
strnum.c,867,IMP
strnum.c,873,IMP
strnum.c,878,IMP
strnum.c,880,STD0500
strnum.c,886,IMP
strnum.c,893,STD0649
strnum.c,908,STD0492
strnum.c,910,STD0499
strnum.c,913,STD0440
strnum.c,916,STD0366
strnum.c,919,IMP
strnum.c,924,STD0366
strnum.c,927,STD0492a
strnum.c,950,IMP
strnum.c,956,STD0492a
strnum.c,970,IMP
strnum.c,987,IMP
strnum.c,998,IMP
strnum.c,1032,STD0028a
strnum.c,1037,STD0027
strnum.c,1039,STD0028b
strnum.c,1042,STD0028c
strnum.c,1045,STD0028d
strnum.c,1046,STD0028g
strnum.c,1049,STD0028e
strnum.c,1065,STD0028f
strnum.c,1068,STD0029
strnum.c,1087,IMP
strnum.c,1100,IMP
strnum.c,1104,IMP
strnum.c,1110,IMP
strnum.c,1114,IMP
strnum.c,1121,IMP
strnum.c,1127,IMP
sumary.c,105,IMP
sumary.c,129,IMP
sumary.c,139,IMP
sumary.c,155,IMP
tagtyp.c,95,IMP
tagtyp.c,98,IMP
tagtyp.c,105,IMP
tagtyp.c,110,IMP
tagtyp.c,112,IMP
tagtyp.c,115,IMP
tagtyp.c,136,STD1580a
tagtyp.c,145,IMP
tagtyp.c,151,STD1579
tagtyp.c,154,IMP
tagtyp.c,158,IMP
tagtyp.c,161,STD1573a
tagtyp.c,163,STD1575a
tagtyp.c,164,STD1580
tagtyp.c,167,STD1578
tagtyp.c,170,IMP
tagtyp.c,178,IMP
tagtyp.c,185,STD0309
tagtyp.c,186,STD1580
tagtyp.c,187,STD1560
tagtyp.c,193,STD1575a
tagtyp.c,196,IMP
tagtyp.c,201,IMP
tagtyp.c,209,STD1576
tagtyp.c,210,STD1577
tagtyp.c,213,STD1574
tagtyp.c,217,STD1575a
tagtyp.c,218,STD1573a
tagtyp.c,219,STD1580
tagtyp.c,223,STD1580
tagtyp.c,227,STD1573b
tagtyp.c,228,STD1575
tagtyp.c,240,IMP
tagtyp.c,242,STD1575a
tagtyp.c,243,STD1573a
tagtyp.c,245,STD1582
tagtyp.c,255,STD1568
tagtyp.c,281,IMP
tagtyp.c,288,STD1581
tagtyp.c,292,IMP
tagtyp.c,296,IMP
tagtyp.c,302,STD0310
tagtyp.c,303,STD1561
tagtyp.c,307,IMP
tagtyp.c,325,STD1568
tagtyp.c,344,STD1562
tagtyp.c,348,IMP
tagtyp.c,373,STD1562
tagtyp.c,393,IMP
tagtyp.c,421,IMP
tagtyp.c,423,STD1638
tagtyp.c,452,IMP
tagtyp.c,460,IMP
tagtyp.c,471,IMP
tagtyp.c,483,STD1543
tagtyp.c,492,STD1543
tagtyp.c,500,STD1525
tagtyp.c,512,STD1543
tagtyp.c,520,STD1542
tagtyp.c,529,STD1635
tagtyp.c,530,STD1636a
tagtyp.c,542,STD1850
tagtyp.c,564,IMP
tagtyp.c,576,STD0842
tagtyp.c,579,IMP
tagtyp.c,601,STD1636
tagtyp.c,612,IMP
tagtyp.c,626,IMP
tagtyp.c,633,IMP
tagtyp.c,646,STD0284
tagtyp.c,651,STD1647
tagtyp.c,666,STD1654
tagtyp.c,684,STD1641
tagtyp.c,688,STD0276
tagtyp.c,689,STD1354
tagtyp.c,690,STD1638
tagtyp.c,702,IMP
tagtyp.c,724,IMP
tagtyp.c,732,STD1616
tagtyp.c,751,STD0276
tagtyp.c,759,STD0143a
tagtyp.c,785,STD1637
tagtyp.c,789,STD0285
tagtyp.c,802,STD1641
tagtyp.c,825,STD0285
tagtyp.c,845,STD1640
tagtyp.c,866,IMP
tagtyp.c,876,IMP
tagtyp.c,880,STD0286
tagtyp.c,881,STD0264
tagtyp.c,885,IMP
tagtyp.c,898,IMP
togles.c,726,IMP
togles.c,737,IMP
togles.c,747,IMP
togles.c,761,IMP
togles.c,764,IMP
togles.c,797,IMP
togles.c,808,IMP
togles.c,823,STD0082
togles.c,833,STD0085
togles.c,839,STD0087
togles.c,845,STD0089
togles.c,857,STD1573a
togles.c,864,STD0297
togles.c,868,STD0297
togles.c,895,IMP
togles.c,898,STD0997
togles.c,913,IMP
togles.c,1293,IMP
togles.c,1296,IMP
togles.c,1434,IMP
togles.c,1441,IMP
togles.c,1448,IMP
togles.c,1462,IMP
togles.c,1473,IMP
togles.c,1577,IMP
togles.c,1604,IMP
togles.c,1607,IMP
togles.c,1619,IMP
togles.c,1625,IMP
togles.c,1772,IMP
togles.c,1775,IMP
togles.c,1796,IMP
togles.c,1827,IMP
togles.c,1831,IMP
togles.c,1834,IMP
togles.c,1865,IMP
togles.c,1867,IMP
togles.c,1946,IMP
togles.c,1961,IMP
togles.c,1963,IMP
togles.c,2002,IMP
togles.c,2005,IMP
treutl.c,167,STD0346
treutl.c,173,STD0095
treutl.c,174,STD0096
treutl.c,175,STD0097
treutl.c,177,IMP
treutl.c,193,STD0346
treutl.c,195,STD0101
treutl.c,196,STD0102
treutl.c,197,STD0103
treutl.c,243,STD0405
treutl.c,251,STD0115
treutl.c,256,IMP
treutl.c,262,STD0097
treutl.c,269,STD0103
treutl.c,280,IMP
treutl.c,284,IMP
treutl.c,294,IMP
treutl.c,296,IMP
treutl.c,302,IMP
treutl.c,306,STD0378
treutl.c,312,STD0387
treutl.c,319,STD0393
treutl.c,323,STD0393
treutl.c,328,STD0400
treutl.c,329,STD0406
treutl.c,336,STD0400
treutl.c,337,STD0407
treutl.c,355,IMP
treutl.c,358,STD0346
treutl.c,367,STD0346
treutl.c,370,STD0346
treutl.c,373,STD0366
treutl.c,382,STD0346
treutl.c,385,STD0346
treutl.c,388,STD0366
treutl.c,397,STD0346
treutl.c,400,STD0346
treutl.c,403,STD0366
treutl.c,410,STD0346
treutl.c,417,STD0346
treutl.c,519,IMP
treutl.c,526,STD0669
treutl.c,527,STD0706
treutl.c,529,STD1304
treutl.c,534,IMP
treutl.c,546,IMP
treutl.c,566,IMP
treutl.c,570,IMP
treutl.c,619,IMP
treutl.c,672,IMP
typinf.c,94,IMP
typinf.c,101,STD1446
typinf.c,116,STD1446
typinf.c,119,IMP
typinf.c,126,STD1446
typinf.c,146,STD1446
typinf.c,148,IMP
typinf.c,155,STD1446
typinf.c,173,STD1446
typinf.c,176,IMP
typinf.c,183,STD0658
typinf.c,202,STD0293
typinf.c,206,STD0317
typinf.c,211,STD0316
typinf.c,215,STD0304
typinf.c,233,IMP
typinf.c,254,IMP
typinf.c,258,IMP
typinf.c,275,STD1265
typinf.c,276,STD0819
typinf.c,277,STD2089
typinf.c,278,STD1891
typinf.c,285,STD1265
typinf.c,290,STD0819
typinf.c,295,STD2089
typinf.c,300,STD1891
typinf.c,316,STD1271
typinf.c,321,STD0819
typinf.c,326,STD2089
typinf.c,331,STD1891
typinf.c,351,STD1269
typinf.c,353,IMP
typinf.c,361,STD0819
typinf.c,366,STD2089
typinf.c,371,STD1891
typinf.c,399,STD1265
typinf.c,406,STD1269
typinf.c,411,STD1271
typinf.c,417,STD1276
typinf.c,420,STD1273
typinf.c,424,STD1274
typinf.c,435,STD1267
typinf.c,441,STD1267
typinf.c,446,STD0819
typinf.c,451,STD2089
typinf.c,460,STD1263
typinf.c,465,STD0819
typinf.c,490,IMP
typinf.c,494,IMP
typinf.c,548,IMP
typinf.c,551,IMP
typinf.c,553,IMP
typinf.c,555,STD1849
typutl.c,44,STD1446
typutl.c,52,STD1446
typutl.c,74,STD1446
typutl.c,82,STD1446
typutl.c,103,IMP
typutl.c,128,STD0325
typutl.c,136,IMP
typutl.c,139,IMP
typutl.c,142,IMP
typutl.c,150,STD0325
typutl.c,155,STD0325
typutl.c,161,STD0325
typutl.c,167,STD0325
typutl.c,173,STD0325
typutl.c,177,STD0325
typutl.c,198,IMP
typvar.c,52,IMP
typvar.c,54,IMP
typvar.c,56,STD0312
typvar.c,58,IMP
typvar.c,60,STD0313
typvar.c,64,STD0311
typvar.c,70,STD0314
typvar.c,74,STD0315
typvar.c,76,IMP
y.tab.c,1690,STD2103
y.tab.c,1693,STD2169
y.tab.c,1701,STD0146
y.tab.c,1714,STD2103
y.tab.c,1726,STD0150
y.tab.c,1731,STD2129
y.tab.c,1732,STD2124
y.tab.c,1750,STD0162
y.tab.c,1762,IMP
y.tab.c,1768,IMP
y.tab.c,1771,STD1646
y.tab.c,1777,STD1342
y.tab.c,1789,IMP
y.tab.c,1802,STD1337b
y.tab.c,1804,IMP
y.tab.c,1812,IMP
y.tab.c,1827,IMP
y.tab.c,1846,STD0001a
y.tab.c,1863,IMP
y.tab.c,1877,STD0251
y.tab.c,1881,IMP
y.tab.c,1914,IMP
y.tab.c,1919,IMP
y.tab.c,1933,STD2124
y.tab.c,1937,IMP
y.tab.c,1950,IMP
y.tab.c,1957,IMP
y.tab.c,1966,STD1337b
y.tab.c,1969,IMP
y.tab.c,1975,IMP
y.tab.c,1978,STD1646
y.tab.c,1984,STD1342
y.tab.c,1995,STD1337b
y.tab.c,1997,IMP
y.tab.c,2005,IMP
y.tab.c,2019,STD1337b
y.tab.c,2023,STD2138a
y.tab.c,2024,STD1342
y.tab.c,2034,STD1337b
y.tab.c,2035,STD2140a
y.tab.c,2058,IMP
y.tab.c,2063,STD1798
y.tab.c,2087,IMP
y.tab.c,2098,STD1517
y.tab.c,2106,STD0071
y.tab.c,2110,STD0071
y.tab.c,2131,STD0001a
y.tab.c,2172,STD1709
y.tab.c,2180,STD1709
y.tab.c,2188,STD1709a
y.tab.c,2196,STD1709a
y.tab.c,2210,STD1710
y.tab.c,2212,IMP
y.tab.c,2216,STD0071
y.tab.c,2220,IMP
y.tab.c,2226,STD0183
y.tab.c,2240,STD1710
y.tab.c,2242,IMP
y.tab.c,2246,STD0071
y.tab.c,2250,IMP
y.tab.c,2273,STD0001a
y.tab.c,2288,STD1337c
y.tab.c,2297,STD1337c
y.tab.c,2310,STD1377
y.tab.c,2313,IMP
y.tab.c,2321,STD1373
y.tab.c,2329,STD1369
y.tab.c,2332,IMP
y.tab.c,2340,STD1381
y.tab.c,2343,IMP
y.tab.c,2351,STD1365
y.tab.c,2354,IMP
y.tab.c,2362,IMP????
y.tab.c,2370,STD1708
y.tab.c,2379,STD1659
y.tab.c,2380,STD1667
y.tab.c,2392,STD1708
y.tab.c,2395,STD1659
y.tab.c,2396,STD1667
y.tab.c,2412,STD1365
y.tab.c,2413,STD1432
y.tab.c,2420,STD0001a
y.tab.c,2432,STD0001a
y.tab.c,2441,STD1424
y.tab.c,2448,STD1428
y.tab.c,2455,STD1392
y.tab.c,2463,STD1408
y.tab.c,2471,STD1412
y.tab.c,2479,STD1400
y.tab.c,2487,STD1396
y.tab.c,2495,STD1404
y.tab.c,2503,STD1420
y.tab.c,2506,IMP
y.tab.c,2517,STD1416
y.tab.c,2520,IMP
y.tab.c,2528,STD1388
y.tab.c,2536,STD????
y.tab.c,2544,STD????
y.tab.c,2552,STD????
y.tab.c,2576,STD1659
y.tab.c,2577,IMP
y.tab.c,2595,STD1667
y.tab.c,2602,STD????
y.tab.c,2616,STD1509
y.tab.c,2623,STD1513
y.tab.c,2625,IMP
y.tab.c,2633,STD1635a
y.tab.c,2635,STD1505
y.tab.c,2649,STD1643
y.tab.c,2651,STD0319
y.tab.c,2652,STD0239
y.tab.c,2657,STD0081
y.tab.c,2672,STD1654a
y.tab.c,2673,STD1654b
y.tab.c,2675,STD0081
y.tab.c,2691,STD1639
y.tab.c,2698,STD1654a
y.tab.c,2699,STD1654b
y.tab.c,2703,STD1501
y.tab.c,2704,STD1564
y.tab.c,2705,STD1568a
y.tab.c,2706,STD1654c
y.tab.c,2720,STD1635a
y.tab.c,2724,STD1568a
y.tab.c,2735,IMP
y.tab.c,2740,STD1521
y.tab.c,2771,STD1569a
y.tab.c,2773,STD0183
y.tab.c,2780,STD1530
y.tab.c,2783,STD0183
y.tab.c,2793,STD1569a
y.tab.c,2794,STD1534
y.tab.c,2796,STD1547
y.tab.c,2803,STD1305b
y.tab.c,2814,STD1575b
y.tab.c,2826,STD1534
y.tab.c,2828,STD1547
y.tab.c,2835,STD1305b
y.tab.c,2851,STD1556
y.tab.c,2874,STD1596
y.tab.c,2890,STD1626
y.tab.c,2895,STD0076
y.tab.c,2899,STD0076
y.tab.c,2908,STD1596
y.tab.c,2920,IMP
y.tab.c,2928,STD1635b
y.tab.c,2930,STD1592
y.tab.c,2937,STD1635b
y.tab.c,2939,STD2453
y.tab.c,2955,STD1654a
y.tab.c,2956,STD1654b
y.tab.c,2957,STD1584
y.tab.c,2969,STD1635b
y.tab.c,2970,STD1584
y.tab.c,2994,STD1604
y.tab.c,2996,STD1616
y.tab.c,3002,STD1631
y.tab.c,3012,STD0243
y.tab.c,3020,STD1608
y.tab.c,3022,STD1612
y.tab.c,3024,STD1622
y.tab.c,3025,STD1305b
y.tab.c,3037,IMP
y.tab.c,3045,STD0243
y.tab.c,3061,STD1711
y.tab.c,3072,STD1362
y.tab.c,3077,IMP
y.tab.c,3088,IMP
y.tab.c,3096,STD1766
y.tab.c,3099,STD0170
y.tab.c,3106,STD1699
y.tab.c,3108,IMP
y.tab.c,3112,STD0183
y.tab.c,3126,STD1683
y.tab.c,3127,STD1719
y.tab.c,3134,STD1699
y.tab.c,3136,IMP
y.tab.c,3140,STD0183
y.tab.c,3154,STD1695
y.tab.c,3157,STD0183
y.tab.c,3161,STD2142
y.tab.c,3172,STD1687
y.tab.c,3186,STD1687
y.tab.c,3197,STD1305a
y.tab.c,3198,STD1687
y.tab.c,3200,STD1724
y.tab.c,3202,STD1305b
y.tab.c,3220,STD1736
y.tab.c,3234,STD1679
y.tab.c,3254,STD0183
y.tab.c,3263,STD0251
y.tab.c,3273,STD1338
y.tab.c,3276,STD0183
y.tab.c,3285,STD0251
y.tab.c,3290,STD1948
y.tab.c,3296,IMP
y.tab.c,3312,STD1853
y.tab.c,3315,IMP
y.tab.c,3332,STD1861
y.tab.c,3364,IMP
y.tab.c,3373,STD1810
y.tab.c,3381,IMP
y.tab.c,3388,STD1766
y.tab.c,3391,STD0170
y.tab.c,3400,STD0170
y.tab.c,3408,IMP
y.tab.c,3411,STD1830
y.tab.c,3412,STD0183
y.tab.c,3425,STD1830
y.tab.c,3426,STD0183
y.tab.c,3442,STD1830
y.tab.c,3443,STD0183
y.tab.c,3458,IMP
y.tab.c,3461,STD1830
y.tab.c,3462,STD0183
y.tab.c,3473,STD1814
y.tab.c,3483,STD1305a
y.tab.c,3484,STD1814
y.tab.c,3486,STD1724
y.tab.c,3488,STD1305b
y.tab.c,3502,STD1736
y.tab.c,3515,STD1814
y.tab.c,3522,STD1305a
y.tab.c,3523,STD1814
y.tab.c,3525,STD1724
y.tab.c,3527,STD1305b
y.tab.c,3542,STD1736
y.tab.c,3554,STD1806
y.tab.c,3562,STD1802
y.tab.c,3582,STD1337d
y.tab.c,3583,STD1361a
y.tab.c,3592,STD1337d
y.tab.c,3593,STD1361a
y.tab.c,3609,STD1526
y.tab.c,3620,STD0183
y.tab.c,3633,STD0183
y.tab.c,3645,STD0150
y.tab.c,3649,IMP
y.tab.c,3664,STD1940
y.tab.c,3665,STD1936
y.tab.c,3673,STD1944
y.tab.c,3674,STD0162
y.tab.c,3689,IMP
y.tab.c,3700,STD1932
y.tab.c,3720,IMP
y.tab.c,3727,STD1922a
y.tab.c,3734,STD0001a
y.tab.c,3742,STD0001a
y.tab.c,3750,IMP
y.tab.c,3758,IMP
y.tab.c,3772,STD1921f
y.tab.c,3773,STD2047
y.tab.c,3779,STD2059
y.tab.c,3781,IMP
y.tab.c,3792,STD1921f
y.tab.c,3793,STD2043
y.tab.c,3799,STD2077a
y.tab.c,3800,STD2059
y.tab.c,3809,STD1921f
y.tab.c,3821,IMP
y.tab.c,3824,IMP
y.tab.c,3840,IMP
y.tab.c,3843,IMP
y.tab.c,3856,IMP
y.tab.c,3926,IMP
y.tab.c,3929,IMP
y.tab.c,3938,STD1964
y.tab.c,3942,IMP
y.tab.c,3947,IMP
y.tab.c,3959,STD1978a
y.tab.c,3960,STD1968
y.tab.c,3965,IMP
y.tab.c,3979,IMP
y.tab.c,3991,IMP
y.tab.c,4004,IMP
y.tab.c,4015,STD1952
y.tab.c,4017,STD_L0294
y.tab.c,4022,STD1922c
y.tab.c,4025,STD1956
y.tab.c,4027,STD1922a
y.tab.c,4034,IMP
y.tab.c,4047,IMP
y.tab.c,4050,IMP
y.tab.c,4059,STD1993
y.tab.c,4063,IMP
y.tab.c,4101,STD1997
y.tab.c,4111,STD2027
y.tab.c,4125,IMP
y.tab.c,4128,IMP
y.tab.c,4133,IMP
y.tab.c,4142,STD2001
y.tab.c,4143,STD2023
y.tab.c,4153,STD2001
y.tab.c,4154,STD2023
y.tab.c,4166,STD2001
y.tab.c,4178,STD2001
y.tab.c,4218,IMP
y.tab.c,4221,IMP
y.tab.c,4230,STD1972
y.tab.c,4236,IMP
y.tab.c,4261,STD2051
y.tab.c,4270,STD2051
y.tab.c,4284,IMP
y.tab.c,4294,STD1960
y.tab.c,4301,STD1923
y.tab.c,4323,STD1923
y.tab.c,4337,STD1927
y.tab.c,4339,STD1980
y.tab.c,4341,STD1305b
y.tab.c,4347,IMP
y.tab.c,4365,IMP
y.tab.c,4370,IMP
y.tab.c,4382,IMP
y.tab.c,4391,IMP
y.tab.c,4399,IMP
y.tab.c,4408,STD0746
y.tab.c,4417,STD0746
y.tab.c,4420,STD0762
y.tab.c,4429,STD0747
y.tab.c,4430,STD0746
y.tab.c,4434,STD0766
y.tab.c,4441,STD0345a
y.tab.c,4442,STD0345c
y.tab.c,4446,STD0766
y.tab.c,4451,STD0774
y.tab.c,4456,STD0774
y.tab.c,4469,STD0001a
y.tab.c,4491,STD0820
y.tab.c,4492,STD0787
y.tab.c,4503,STD0804
y.tab.c,4504,STD0820
y.tab.c,4505,STD0787
y.tab.c,4518,STD0795
y.tab.c,4530,STD0799
y.tab.c,4541,STD0803
y.tab.c,4570,IMP
y.tab.c,4592,STD0883
y.tab.c,4593,STD0941
y.tab.c,4604,STD0879
y.tab.c,4605,STD0936
y.tab.c,4608,STD0124
y.tab.c,4616,IMP
y.tab.c,4620,STD0945
y.tab.c,4629,STD0001a
y.tab.c,4641,STD0001a
y.tab.c,4653,STD0863
y.tab.c,4664,STD0866
y.tab.c,4665,STD0887
y.tab.c,4676,STD0866
y.tab.c,4677,STD0887
y.tab.c,4688,STD0866
y.tab.c,4689,STD0887
y.tab.c,4700,STD0001a
y.tab.c,4741,STD0964
y.tab.c,4751,STD0999
y.tab.c,4767,STD1018
y.tab.c,4789,STD1075
y.tab.c,4799,STD1096
y.tab.c,4810,STD1116
y.tab.c,4821,STD1140
y.tab.c,4832,STD1152
y.tab.c,4843,STD1164
y.tab.c,4854,STD1176
y.tab.c,4865,STD1187
y.tab.c,4876,STD1198
y.tab.c,4898,STD1232
y.tab.c,4909,STD1294
y.tab.c,4911,STD0124
y.tab.c,4923,IMP
y.tab.c,4932,STD1298
y.tab.c,4934,STD0124
